_notes,_notes
GroupHouseholdInfo/RESPRelationHHH,RESPRelationHHH
GroupMDDI/HHStockFoodDur,HHStockFoodDur
_tags,_tags
GroupHouseholdInfo/HHDispl,HHDispl
GroupHouseholdInfo/HHSize65aboveM,HHSize65aboveM
_xform_id_string,_xform_id_string
GroupLCSI/LhCSIDomAsset,LhCSIDomAsset
GroupLCSI/LhCSIFemAnimal,LhCSIFemAnimal
GroupHouseholdInfo/HHSize65aboveF,HHSize65aboveF
GroupHouseholdInfo/HHSize04F,HHSize04F
GroupHouseholdInfo/HHSize,HHSize
GroupHouseholdInfo/HHSize04M,HHSize04M
GroupRemitt/HHRemittPrev_YN,HHRemittPrev_YN
GroupLCSI/LhCSIBegged_YN,LhCSIBegged_YN
GroupFCSN/FCSCond,FCSCond
GroupFCSN/FCSSugar,FCSSugar
GroupHouseholdInfo/HHSizeCalc,HHSizeCalc
GroupIntro/RESPConsent,RESPConsent
GroupLCSI/LhCSIHealth_YN,LhCSIHealth_YN
_submission_time,_submission_time
GroupFCSN/FCSPrMeat,FCSPrMeat
_geolocation,_geolocation
GroupMDDI/RESPWorryRsns,RESPWorryRsns
GroupEnd/HHRecommendations,HHRecommendations
GroupHouseholdInfo/HHSize0514F,HHSize0514F
GroupMDDI/HHSchoolSituation,HHSchoolSituation
GroupHouseholdInfo/HHSize0514M,HHSize0514M
GroupHouseholdInfo/HHSizeMCalc,HHSizeMCalc
GroupMDDI/HWaterConstrYN,HWaterConstrYN
GroupPreregistry/EnuID,EnuID
GroupFCSN/FCSFruit,FCSFruit
meta/instanceID,instanceID
GroupMDDI/HHENHealthMed,HHENHealthMed
GroupHouseholdInfo/HHSizeFCalc,HHSizeFCalc
GroupLCSI/LhCSIBorrowCash_YN,LhCSIBorrowCash_YN
GroupHouseholdInfo/HHSizeM,HHSizeM
GroupMDDI/FoodConstr,FoodConstr
GroupFCSN/FCSMeatO,FCSMeatO
GroupLCSI/LhCSISaving_YN,LhCSISaving_YN
GroupLCSI/LhCSIHealth,LhCSIHealth
GroupFCSN/FCSVegOrg,FCSVegOrg
GroupHouseholdInfo/HHSize5564M,HHSize5564M
_validation_status,_validation_status
_uuid,_uuid
GroupHouseholdInfo/HHSize5564F,HHSize5564F
GroupHouseholdInfo/HHSizeOth,HHSizeOth
GroupLCSI/LhCSIAnimals_YN,LhCSIAnimals_YN
GroupLCSI/LhCSIProdAsset,LhCSIProdAsset
GroupFCSN/FCSDairy,FCSDairy
GroupHouseholdInfo/HHSize2554M,HHSize2554M
GroupHouseholdInfo/HHSize2554F,HHSize2554F
GroupFCSN/FCS,FCS
GroupHouseholdInfo/HHDisabledNb,HHDisabledNb
GroupHouseholdInfo/HHSize1524F,HHSize1524F
GroupLCSI/LhCSIFemAnimal_YN,LhCSIFemAnimal_YN
GroupHouseholdInfo/HHHEdu,HHHEdu
GroupFCSN/FCSPulse,FCSPulse
GroupHouseholdInfo/HHSize1524M,HHSize1524M
GroupHouseholdInfo/HHSizeOthCalc,HHSizeOthCalc
GroupLCSI/LhCSIProdAsset_YN,LhCSIProdAsset_YN
GroupLCSI/LhCSIResAsset_YN,LhCSIResAsset_YN
GroupLivelihoods/HHIncFirst,HHIncFirst
GroupMDDI/HHIll,HHIll
GroupFCSN/FCSFruitOrg,FCSFruitOrg
GroupHouseholdInfo/RESPSex,RESPSex
GroupLCSI/LhCSIDomAsset_YN,LhCSIDomAsset_YN
GroupLCSI/LhCSIOutSchool,LhCSIOutSchool
start,start
GroupFCSN/FCSVegGre,FCSVegGre
_status,_status
today,today
GroupMDDI/HDwellCond,HDwellCond
GroupFCSN/FCSPrFish,FCSPrFish
GroupMDDI/HHhsBedHung_YN,HHhsBedHung_YN
GroupFCSN/FCSStap,FCSStap
GroupHouseholdInfo/RESPAge,RESPAge
_submitted_by,_submitted_by
GroupMDDI/HHygieneYN,HHygieneYN
GroupFCSN/FCSPrEggs,FCSPrEggs
GroupHouseholdInfo/WitGenViolence,WitGenViolence
GroupFCSN/FCSVeg,FCSVeg
GroupHouseholdInfo/PrefLang,PrefLang
GroupLCSI/LhCSIOutSchool_YN,LhCSIOutSchool_YN
GroupHouseholdInfo/Rural,Rural
GroupHouseholdInfo/ADM1INName,ADM1INName
GroupLivelihoods/HHIncChg,HHIncChg
GroupLivelihoods/HHFarm,HHFarm
GroupLCSI/LhCSIBorrowCash,LhCSIBorrowCash
GroupPreregistry/Round,Round
GroupDeb/HHBorrow,HHBorrow
end,end
GroupPreregistry/RESPID,RESPID
GroupLCSI/LhCSIResAsset,LhCSIResAsset
GroupEnd/FreeResp,FreeResp
_version_,_version_
__version__,__version__
GroupPreregistry/Call_Status,Call_Status
GroupLCSI/LhCSIAnimals,LhCSIAnimals
GroupMDDI/Hroom,Hroom
GroupFCSN/FCSPr,FCSPr
GroupFCSN/FCSFat,FCSFat
formhub/uuid,uuid
GroupHouseholdInfo/HHSizeF,HHSizeF
GroupMDDI/Food_SRf1,Food_SRf1
GroupLCSI/LhCSIBegged,LhCSIBegged
_attachments,_attachments
GroupHouseholdInfo/HHHSex,HHHSex
_id,_id
GroupDeb/HHDebtPaidWhen,HHDebtPaidWhen
GroupRemitt/HHRemittCh,HHRemittCh
GroupRemitt/HHRemittWho,HHRemittWho
GroupLivelihoods/HHIncRedWhy,HHIncRedWhy
GroupRemitt/HHRemitt_YN,HHRemitt_YN
GroupDeb/HHBorrowWhy,HHBorrowWhy
GroupMDDI/HWaterConstr,HWaterConstr
GroupMDDI/HHIllNb,HHIllNb
GroupLCSI/LhCSISaving,LhCSISaving
GroupHouseholdInfo/HHBreastfedF,HHBreastfedF
GroupMDDI/HHSchoolSituation_oth,HHSchoolSituation_oth
GroupLivelihoods/HHIncFirst_oth,HHIncFirst_oth
GroupLivelihoods/HHFarmSellChall,HHFarmSellChall
GroupLivelihoods/HHFarmInputChall,HHFarmInputChall
GroupHouseholdInfo/HHBreastfedM,HHBreastfedM
GroupHouseholdInfo/HHDisabledType,HHDisabledType
GroupLivelihoods/HHIncIncrWhy,HHIncIncrWhy
GroupMDDI/HHENHealthMedPrb,HHENHealthMedPrb
GroupMDDI/HDwellCond_oth,HDwellCond_oth
GroupMDDI/FoodConstr_oth,FoodConstr_oth
GroupLivelihoods/HHIncRedWhy_oth,HHIncRedWhy_oth
GroupMDDI/HHENHealthMedPrb_oth,HHENHealthMedPrb_oth
GroupDeb/HHBorrowWhy_oth,HHBorrowWhy_oth
